id,Name,titleProject_id,class,score,login,password
0,Сербин Геннадий Михаилович,7,8в,2,Сербин_ГМ,MHxbmk2g
1,Папандина Клавдия Яковлевна,304,9в,5,Папандина_КЯ,xHAoXro9
2,Белагина Галина Андреевна,396,9а,4,Белагина_ГА,k68G0lZe
3,Кижняева Анна Леонидовна,178,7и,2,Кижняева_АЛ,rbHiYL3n
4,Цывин Олег Яковлевич,446,7т,2,Цывин_ОЯ,dIcRXKku
5,Жидняева Ксения Эдуардовна,373,7х,4,Жидняева_КЭ,ux5P8A1i
6,Липковский Анатолий Иванович,144,10а,2,Липковский_АИ,EkGS0A1A
7,Меднова Наталья Богдановна,290,7и,5,Меднова_НБ,LLWcEa9K
8,Житихин Вячеслав Романович,141,9а,5,Житихин_ВР,RX60YNx3
9,Шеврина Полина Максимовна,33,11а,5,Шеврина_ПМ,jfAaSzo9
10,Алпеев Валентин Данилович,323,8а,2,Алпеев_ВД,e3JcSDjI
11,Золикова Клара Игоревна,364,10х,2,Золикова_КИ,Fr1uTr5z
12,Дориков Дмитрий Петрович,296,10г,5,Дориков_ДП,jaAeJua4
13,Корабышев Кирилл Михаилович,302,8и,5,Корабышев_КМ,fLYl1A7T
14,Ростовиков Константин Николаевич,336,10а,2,Ростовиков_КН,R0gWnvBO
15,Нехаев Дмитрий Фёдорович,129,7х,4,Нехаев_ДФ,tg24ut6v
16,Зызлова Мария Николаевна,430,8г,3,Зызлова_МН,2dcN3viI
17,Королупов Валерий Тимофеевич,397,10д,5,Королупов_ВТ,QbpRmbjB
18,Стенцов Евгений Яковлевич,315,8и,4,Стенцов_ЕЯ,q31Wdlcv
19,Феклисов Константин Виталиевич,270,9т,None,Феклисов_КВ,Gss2vrgA
20,Синелев Руслан Тимофеевич,300,8и,2,Синелев_РТ,WszpazLF
21,Опевалова Вера Евгеньевна,473,9д,5,Опевалова_ВЕ,jah8g9LP
22,Назерова Вероника Василевна,206,7б,5,Назерова_ВВ,hGGQG4ec
23,Дименская Светлана Дмитриевна,387,9д,5,Дименская_СД,FtMY3WQS
24,Ковторева Раиса Василевна,482,9и,2,Ковторева_РВ,Y7AJDUUU
25,Кулишнин Вячеслав Яковлевич,386,11х,5,Кулишнин_ВЯ,KZbG1xiY
26,Лексин Кирилл Антонович,139,7в,5,Лексин_КА,3yEuUqzJ
27,Лаковский Григорий Василиевич,240,7д,5,Лаковский_ГВ,YWVQRm5R
28,Барамыкова Александра Алексеевна,106,10а,3,Барамыкова_АА,2siGfwb2
29,Плясулина Оксана Андреевна,346,8х,2,Плясулина_ОА,Cwri8u4o
30,Петрикеев Станислав Яковлевич,14,7и,4,Петрикеев_СЯ,qLzcD1k4
31,Моторыгин Илья Георгиевич,238,10и,5,Моторыгин_ИГ,JAvKyKz5
32,Рыков Тарас Павлович,174,10и,5,Рыков_ТП,egVpWUfK
33,Иончикова Елизавета Егоровна,169,8д,5,Иончикова_ЕЕ,i6z42RyJ
34,Смолькина Алиса Егоровна,441,7г,5,Смолькина_АЕ,zsqefoMJ
35,Оболенин Герасим Павлович,472,7и,4,Оболенин_ГП,qU4ePTsk
36,Трощинский Георгий Борисович,67,9д,3,Трощинский_ГБ,PGobaAWI
37,Поддубская Лиза Игоревна,496,10а,4,Поддубская_ЛИ,Ol934nlT
38,Телькова Валерия Олеговна,335,7х,4,Телькова_ВО,tl0VuFpq
39,Чигварина Александра Алексеевна,428,10б,2,Чигварина_АА,GJM1lg1D
40,Киреевский Артур Игоревич,119,7в,3,Киреевский_АИ,hNnNCFkV
41,Шумейкин Роман Павлович,420,8в,5,Шумейкин_РП,DsD2wPLp
42,Трушинов Максим Алексиевич,82,8и,4,Трушинов_МА,L01F6o9K
43,Голюков Денис Сергеевич,62,11б,4,Голюков_ДС,jKrxgYxn
44,Хлиманкова Надежда Валерьевна,461,10б,3,Хлиманкова_НВ,n6o7NgJv
45,Кулаженков Алексей Олегович,367,10в,2,Кулаженков_АО,FUAwlYKi
46,Бутукин Владимир Адамович,221,7х,5,Бутукин_ВА,M3UlWWcL
47,Поддуев Леонид Олегович,149,9х,4,Поддуев_ЛО,OwL0TSre
48,Ревцев Василий Павлович,360,9х,5,Ревцев_ВП,FPXbc14X
49,Старокожев Артём Юрьевич,46,8д,3,Старокожев_АЮ,1Z1V7Rzf
50,Светошев Максим Михаилович,321,10х,2,Светошев_ММ,TpdXkCdo
51,Старынина Кристина Федоровна,266,9д,3,Старынина_КФ,p4Q1WOYj
52,Востров Дмитрий Денисович,282,9г,3,Востров_ДД,PrN7dsp1
53,Бураханова Анастасия Леонидовна,16,8г,2,Бураханова_АЛ,7gkAtPes
54,Понизов Виктор Кириллович,214,11и,5,Понизов_ВК,0pbDDLCT
55,Суздалев Валерий Алексеевич,66,11т,5,Суздалев_ВА,mLbeDpmS
56,Колендин Дмитрий Алексеевич,153,10в,4,Колендин_ДА,HGSBgNy3
57,Сулькова Екатерина Андреевна,325,8и,4,Сулькова_ЕА,MlLaMjcE
58,Аржевитова Надежда Федоровна,242,10в,2,Аржевитова_НФ,kt5yfA7r
59,Крассов Валерий Олегович,201,8х,5,Крассов_ВО,GPCAGUXK
60,Сонураева Инна Андреевна,450,9т,3,Сонураева_ИА,OPHqwOYp
61,Пашин Роман Вадимович,204,10д,2,Пашин_РВ,h5rRR6rQ
62,Фичкина Евгения Федоровна,29,11д,3,Фичкина_ЕФ,4zxBqgwI
63,Свилин Олег Виталиевич,123,8в,2,Свилин_ОВ,Z2CdtD37
64,Рогоцкий Андрей Адамович,142,9в,2,Рогоцкий_АА,IdZ9ZPzj
65,Ахантьев Игорь Валериевич,80,10д,5,Ахантьев_ИВ,IVFK6agW
66,Сочиникова Ксения Кирилловна,100,10д,2,Сочиникова_КК,N27R8Mhr
67,Остюков Артур Романович,329,11и,3,Остюков_АР,kqJiaNBb
68,Брюкина Оксана Викторовна,98,8в,5,Брюкина_ОВ,Yc8bqaMt
69,Кузовенков Игорь Юрьевич,322,9г,None,Кузовенков_ИЮ,9EBTl0rw
70,Калухов Тарас Иванович,207,11а,3,Калухов_ТИ,LG3hvR9a
71,Батыров Пётр Виталиевич,227,7и,3,Батыров_ПВ,AN2qOQAt
72,Озрина Катерина Валерьевна,147,10а,4,Озрина_КВ,3lWKwmhT
73,Декалова Полина Леонидовна,470,11д,5,Декалова_ПЛ,lOhaWQBu
74,Лосицкий Владимир Кириллович,369,9т,5,Лосицкий_ВК,1QaVWwQD
75,Магнусов Пётр Максимович,437,7и,5,Магнусов_ПМ,7WVC9inz
76,Лавренков Михаил Василиевич,188,9б,2,Лавренков_МВ,YRe5Jcih
77,Шушкалова Вероника Алексеевна,411,8т,5,Шушкалова_ВА,mFg8u8mn
78,Бороданова Маргарита Дмитриевна,118,7г,5,Бороданова_МД,8rTKEYBY
79,Циркина Виолетта Федоровна,231,9г,2,Циркина_ВФ,f8Uw55tZ
80,Болохина Екатерина Андреевна,194,11д,3,Болохина_ЕА,7I5C8t2Q
81,Чукалова Дарья Валерьевна,20,10г,4,Чукалова_ДВ,KtWltCN9
82,Беловолов Степан Петрович,222,9д,2,Беловолов_СП,J3AMB1cD
83,Зудейкина Вероника Ивановна,166,8и,3,Зудейкина_ВИ,cH5zbq5T
84,Макунова Мария Борисовна,47,9в,5,Макунова_МБ,0lHiAtqJ
85,Верзанский Геннадий Андреевич,497,7д,5,Верзанский_ГА,Ms6G4XfX
86,Алтубин Ярослав Леонидович,414,10г,5,Алтубин_ЯЛ,lYPpZGOp
87,Аузин Игорь Алексиевич,435,8х,5,Аузин_ИА,TmP14jZa
88,Калыгин Степан Тимофеевич,353,8и,2,Калыгин_СТ,Iji2wUgt
89,Дурныгина Полина Игоревна,72,8и,2,Дурныгина_ПИ,nJrAHYyA
90,Антюфеева Александра Вадимовна,347,8и,2,Антюфеева_АВ,OWSPaPLQ
91,Лощинский Борис Романович,210,10б,3,Лощинский_БР,EzftKkTw
92,Ходорков Евгений Виталиевич,344,9г,5,Ходорков_ЕВ,lyHWODgp
93,Кафорин Федор Данилович,427,10д,3,Кафорин_ФД,rJitgyzf
94,Косынская Алиса Дмитриевна,40,9в,3,Косынская_АД,iRQAy7jM
95,Беремцев Артём Антонович,434,11т,2,Беремцев_АА,corZ4SXn
96,Влянская Мария Андреевна,490,7т,4,Влянская_МА,T9BOsPyu
97,Мыгеева Лиза Василевна,280,8в,5,Мыгеева_ЛВ,WqP1UWY8
98,Акутникова Мария Алексеевна,173,11в,2,Акутникова_МА,aOCYPzle
99,Карябкин Константин Максимович,89,7и,2,Карябкин_КМ,8XM4Kz8r
100,Прилепина Яна Максимовна,30,10в,5,Прилепина_ЯМ,B1frIaBT
101,Ведищев Никита Георгиевич,365,7и,5,Ведищев_НГ,ReDajQRU
102,Самчева Вероника Борисовна,287,10г,3,Самчева_ВБ,KgCaj970
103,Пирцхалова Карина Леонидовна,452,10г,5,Пирцхалова_КЛ,tgCqZM8C
104,Павлочев Денис Борисович,432,11д,5,Павлочев_ДБ,WWqMIWRc
105,Арашкова Екатерина Евгеньевна,356,8х,None,Арашкова_ЕЕ,B2Yifs8L
106,Байсарова Людмила Василевна,215,11и,2,Байсарова_ЛВ,hMgrot9M
107,Кудекина Зинаида Игоревна,250,10и,3,Кудекина_ЗИ,7cZLEJch
108,Дерналов Виталий Викторович,1,9г,4,Дерналов_ВВ,oHIiY4nF
109,Сазинова Галина Романовна,61,9и,3,Сазинова_ГР,NqRgKOad
110,Остаченова Марина Эдуардовна,229,9т,5,Остаченова_МЭ,7AaSzaeG
111,Битюкова Яна Егоровна,488,9и,4,Битюкова_ЯЕ,NPHqcLRS
112,Иваницкий Константин Борисович,232,8д,5,Иваницкий_КБ,SH3RpVyB
113,Белянский Владислав Игоревич,74,11б,5,Белянский_ВИ,UGBSiJA0
114,Баранкин Артём Алексеевич,382,9т,2,Баранкин_АА,j9nHpYvi
115,Шкабанова Софья Вадимовна,499,9х,4,Шкабанова_СВ,WDURZF7S
116,Полозлов Денис Адамович,155,8т,3,Полозлов_ДА,pbOutImC
117,Жунина Светлана Михайловна,162,8в,3,Жунина_СМ,nxrrLUJs
118,Пантыкин Борис Игоревич,245,9х,2,Пантыкин_БИ,xo9XbXVo
119,Доутова Марина Богдановна,189,11х,2,Доутова_МБ,OzTilo23
120,Трещалова Яна Андреевна,330,8б,3,Трещалова_ЯА,6YeE076e
121,Ивашечкин Александр Данилович,390,10т,4,Ивашечкин_АД,h5592r4l
122,Мазьянова Инна Богдановна,416,11в,4,Мазьянова_ИБ,KrXLDCsT
123,Корогев Николай Евгеньевич,184,8б,5,Корогев_НЕ,SyPfM2Vn
124,Заидова Галина Максимовна,88,9т,4,Заидова_ГМ,f2IAgc9F
125,Рамхин Кирилл Алексиевич,459,9х,4,Рамхин_КА,hafIlEMt
126,Кизбабаев Эдуард Фёдорович,415,11т,2,Кизбабаев_ЭФ,0R3B8AZY
127,Соурчаков Ярослав Валериевич,268,8б,2,Соурчаков_ЯВ,YgzO7GuJ
128,Мотяшева Алена Михайловна,404,7т,2,Мотяшева_АМ,Zv5oRzPA
129,Горшкова Наталия Яковлевна,340,11а,2,Горшкова_НЯ,OJUoMAbM
130,Зябрицкий Игорь Виталиевич,332,7а,5,Зябрицкий_ИВ,4gpLItro
131,Шельдяев Игорь Юриевич,97,7д,5,Шельдяев_ИЮ,zCoPiosk
132,Шмелькин Максим Викторович,483,9т,5,Шмелькин_МВ,SSiyiIei
133,Жалкин Алексей Алексеевич,43,7а,3,Жалкин_АА,tiPCnWkL
134,Худасов Денис Максимович,70,10д,2,Худасов_ДМ,hluBGW78
135,Швичкова Наталья Эдуардовна,398,7г,4,Швичкова_НЭ,OUDoZ6kX
136,Едская Жанна Валерьевна,436,11в,4,Едская_ЖВ,OxfwJhK6
137,Поморзина Полина Евгеньевна,122,7д,4,Поморзина_ПЕ,1uRuQDhr
138,Будачева Кира Олеговна,55,11х,4,Будачева_КО,Yfavfxnm
139,Молкаев Василий Валериевич,216,8д,2,Молкаев_ВВ,5HjMaAOH
140,Яцынин Константин Тимофеевич,285,7г,2,Яцынин_КТ,w1sTfwGW
141,Маховиков Василий Петрович,391,7х,4,Маховиков_ВП,SVlUwQtm
142,Шаметова Евгения Вадимовна,463,7а,2,Шаметова_ЕВ,3TZ4mz53
143,Законнова Жанна Евгеньевна,442,11и,None,Законнова_ЖЕ,dr2Men6h
144,Перчихин Аркадий Тимофеевич,164,10т,3,Перчихин_АТ,if3s0ip5
145,Бурдасова Ксения Игоревна,203,9а,3,Бурдасова_КИ,MwMr2K5I
146,Киссин Степан Иванович,251,7х,5,Киссин_СИ,Guvo9jjp
147,Вапилина Мария Егоровна,77,7д,2,Вапилина_МЕ,YMN99mHh
148,Сигутина Дарья Федоровна,458,7б,2,Сигутина_ДФ,oLW0nOj9
149,Сошьяков Альберт Фёдорович,17,7т,4,Сошьяков_АФ,epatWaz7
150,Лугахина Клара Вадимовна,419,8в,4,Лугахина_КВ,jlfOR2PA
151,Логецкий Анатолий Виталиевич,372,11б,4,Логецкий_АВ,I0bOjclc
152,Ковайкова Юлия Егоровна,75,10г,2,Ковайкова_ЮЕ,rSjpDIy4
153,Вермутский Валерий Петрович,447,9и,5,Вермутский_ВП,D9dD4oU6
154,Россомахов Олег Юриевич,56,8в,2,Россомахов_ОЮ,6xFiO4EA
155,Циплакова Екатерина Егоровна,471,9б,5,Циплакова_ЕЕ,YsTdYZwu
156,Квятцева Алла Никитична,138,11в,2,Квятцева_АН,rEPFXrtF
157,Выхухолева Лариса Василевна,384,8б,5,Выхухолева_ЛВ,lxBZdpvv
158,Целохов Андрей Вадимович,433,8и,5,Целохов_АВ,l9JHqY0g
159,Бендин Иван Яковлевич,71,8и,4,Бендин_ИЯ,P6H2FSNA
160,Лазученков Василий Алексеевич,381,7х,2,Лазученков_ВА,277VlqWz
161,Скоропухов Михаил Василиевич,69,10и,3,Скоропухов_МВ,ILoCZ4Gn
162,Мухонкин Тарас Романович,126,9и,4,Мухонкин_ТР,Bousy57O
163,Камерцев Владимир Кириллович,303,7а,3,Камерцев_ВК,ESiCVcdt
164,Сандрыкина Анна Олеговна,324,10т,2,Сандрыкина_АО,4cqxNMzH
165,Недбайлов Алексей Денисович,15,7т,2,Недбайлов_АД,DL0IiXqN
166,Серпков Ярослав Георгиевич,380,10б,4,Серпков_ЯГ,OmbZHWbn
167,Хатшуклов Аркадий Николаевич,42,11т,4,Хатшуклов_АН,X9GUDy9f
168,Литвалиева Алиса Егоровна,10,11и,3,Литвалиева_АЕ,DWIYfxMY
169,Енесина Лиза Валерьевна,293,9б,5,Енесина_ЛВ,TG4PC4FG
170,Пикальков Эдуард Алексиевич,21,8д,5,Пикальков_ЭА,PkybBq5I
171,Сачинский Валентин Кириллович,125,10т,2,Сачинский_ВК,9xrnNInB
172,Тарзанова Евгения Аркадьевна,96,9д,2,Тарзанова_ЕА,1SYSckx4
173,Лапундин Юрий Игоревич,267,8и,5,Лапундин_ЮИ,yvtZElqx
174,Личева Лиза Михайловна,453,9б,3,Личева_ЛМ,AXBS2i3Y
175,Смароверов Яков Борисович,131,11в,4,Смароверов_ЯБ,07uEp1d0
176,Вереина Алла Василевна,295,10и,3,Вереина_АВ,9jifLbr3
177,Погиблева Дарья Леонидовна,283,9в,5,Погиблева_ДЛ,0aDcOXAa
178,Байнова Анастасия Вадимовна,363,7б,3,Байнова_АВ,BwVR2Hpn
179,Шиловский Вячеслав Максимович,438,9и,4,Шиловский_ВМ,HYZR77T4
180,Сыждиков Пётр Василиевич,494,11х,5,Сыждиков_ПВ,pLLJWJba
181,Каценова Алёна Эдуардовна,165,11т,2,Каценова_АЭ,GMtCFxc0
182,Мужицких Ева Олеговна,348,8х,3,Мужицких_ЕО,UFz1u0do
183,Плеснецов Степан Юрьевич,22,10а,2,Плеснецов_СЮ,Ppo0ElP1
184,Игумнова Алёна Сергеевна,114,9д,4,Игумнова_АС,0twIXU3a
185,Хадаров Владимир Валериевич,278,11т,5,Хадаров_ВВ,xv0p0MXW
186,Ступакова Кира Ивановна,421,8и,3,Ступакова_КИ,gCYv5esp
187,Шоленинов Федор Максимович,286,11т,4,Шоленинов_ФМ,vcynaj99
188,Гундаров Руслан Николаевич,158,9д,4,Гундаров_РН,JQGCKRas
189,Гречишева Марина Андреевна,464,7д,2,Гречишева_МА,BlinweF9
190,Утилова Алена Андреевна,253,11д,3,Утилова_АА,OLY0yEM2
191,Роткичева Алиса Максимовна,410,10а,4,Роткичева_АМ,Q2lqtYHP
192,Колтышева Марина Вадимовна,87,11г,4,Колтышева_МВ,DKvkB7jq
193,Гурычева Лариса Валерьевна,489,9б,2,Гурычева_ЛВ,YTm6uYu2
194,Горцева Кристина Никитична,246,8и,4,Горцева_КН,506K80GD
195,Кутурин Геннадий Денисович,197,9в,2,Кутурин_ГД,EhlFnHeR
196,Стефанков Яков Евгеньевич,318,10г,3,Стефанков_ЯЕ,c9by5nwV
197,Множина Людмила Василевна,90,8б,2,Множина_ЛВ,yRHL0oiW
198,Семисалов Георгий Иванович,316,9в,3,Семисалов_ГИ,6Ot6M3qk
199,Рогалов Альберт Валериевич,327,9б,2,Рогалов_АВ,oZRSh0Pq
200,Черетаева Анастасия Олеговна,341,9б,2,Черетаева_АО,HNsZddMA
201,Радоминова Любовь Игоревна,25,9и,5,Радоминова_ЛИ,VwnxHCk8
202,Шувырина Лиза Андреевна,395,9а,5,Шувырина_ЛА,3926R7mG
203,Калиженков Семён Алексеевич,401,11а,4,Калиженков_СА,9rHYwoz9
204,Старокашин Константин Петрович,309,10а,3,Старокашин_КП,B0p7atzu
205,Малтоцов Аркадий Яковлевич,218,8а,3,Малтоцов_АЯ,lNScHzD7
206,Кузеванова Ева Егоровна,116,7д,2,Кузеванова_ЕЕ,9JucUDw0
207,Нурулина Алёна Егоровна,284,9х,2,Нурулина_АЕ,vpH4EPjA
208,Лератов Герасим Сергеевич,374,10а,4,Лератов_ГС,SpQOOJcz
209,Людин Руслан Аркадиевич,498,7и,3,Людин_РА,EZOAp3Dh
210,Пурин Виктор Данилович,154,8и,5,Пурин_ВД,AovHHRRd
211,Лютов Виктор Юрьевич,288,11г,2,Лютов_ВЮ,ntZ8k4uw
212,Марюшкина Яна Федоровна,345,10д,5,Марюшкина_ЯФ,WjWGDecp
213,Томилова Кристина Михайловна,492,11б,3,Томилова_КМ,rexi8Goc
214,Дистерев Валерий Валериевич,24,7г,3,Дистерев_ВВ,eX7CKZwZ
215,Дочкин Геннадий Алексиевич,52,11и,5,Дочкин_ГА,xmgotxDa
216,Иняхин Руслан Сергеевич,234,7и,5,Иняхин_РС,maZNjnWZ
217,Знайкова Раиса Егоровна,148,11х,3,Знайкова_РЕ,2D19lB1F
218,Кашавцев Аркадий Леонидович,58,7а,4,Кашавцев_АЛ,EOphyvzh
219,Пятернина Кристина Андреевна,445,7и,2,Пятернина_КА,hxomNh8c
220,Гусеева Карина Викторовна,263,9и,2,Гусеева_КВ,A1mynqXY
221,Кастева Яна Сергеевна,108,7и,2,Кастева_ЯС,l0GsmNOx
222,Гришанин Тарас Павлович,113,10т,2,Гришанин_ТП,87VnXyjF
223,Грамоткин Илья Викторович,195,8д,5,Грамоткин_ИВ,A4So4bEP
224,Мелисин Геннадий Василиевич,465,10г,2,Мелисин_ГВ,I95ojaJH
225,Цинина Светлана Яковлевна,105,11г,5,Цинина_СЯ,2bHtVylk
226,Петов Георгий Адамович,57,9а,2,Петов_ГА,IeZThBnY
227,Реева Валентина Максимовна,146,11и,5,Реева_ВМ,jVid27IF
228,Слесивых Мария Аркадьевна,35,7и,5,Слесивых_МА,P8x1DYDg
229,Афтаева Полина Ивановна,193,10д,5,Афтаева_ПИ,avxHubOg
230,Кривицкий Валентин Виталиевич,208,8х,5,Кривицкий_ВВ,9D8X1cz9
231,Чубатов Константин Леонидович,279,11а,4,Чубатов_КЛ,TihHjBTc
232,Партенков Геннадий Павлович,418,8х,3,Партенков_ГП,sx9h3Eqj
233,Черушев Григорий Борисович,84,7г,4,Черушев_ГБ,cp8icy5x
234,Тютекин Георгий Тимофеевич,262,7а,2,Тютекин_ГТ,7OiMhEHO
235,Янкевский Вячеслав Адамович,167,11г,4,Янкевский_ВА,1NPxGfmP
236,Сухручкина Клавдия Аркадьевна,177,7в,4,Сухручкина_КА,VlZJcnCv
237,Конофалова Клара Петровна,95,11д,5,Конофалова_КП,TMPcgXXk
238,Лигасов Михаил Павлович,491,11г,4,Лигасов_МП,IGxkGvIj
239,Писарьков Альберт Игоревич,313,8в,4,Писарьков_АИ,JRRppwRr
240,Варов Кирилл Иванович,28,8а,5,Варов_КИ,CUzWCqZ4
241,Пурынов Евгений Петрович,244,9и,3,Пурынов_ЕП,Gj6GrI26
242,Супрутская Вероника Викторовна,187,9а,2,Супрутская_ВВ,N5FQmouX
243,Скроцкая Алина Федоровна,127,8г,3,Скроцкая_АФ,doOabZYF
244,Барадулин Вадим Юрьевич,281,11х,3,Барадулин_ВЮ,5T055tQA
245,Точилин Дмитрий Фёдорович,476,8а,2,Точилин_ДФ,j0Km9fJE
246,Бикмуллин Руслан Валериевич,333,11т,2,Бикмуллин_РВ,a54Bbed4
247,Серпичев Василий Алексиевич,394,10х,5,Серпичев_ВА,YkZH3Dku
248,Вострышев Яков Аркадиевич,343,8г,5,Вострышев_ЯА,Wz2Aseds
249,Грушчева София Евгеньевна,480,11в,None,Грушчева_СЕ,MsqNj0D1
250,Кулапов Александр Юрьевич,109,9б,5,Кулапов_АЮ,zebzOYAA
251,Чибисенков Владислав Фёдорович,375,8х,3,Чибисенков_ВФ,109KZMLU
252,Утилов Роман Василиевич,254,9х,2,Утилов_РВ,UYW3gwOf
253,Татаурова Галина Федоровна,145,10т,4,Татаурова_ГФ,m1D2dIjW
254,Визавитина Наталия Леонидовна,101,10г,2,Визавитина_НЛ,37MjvGb7
255,Мягченков Артём Денисович,115,7б,4,Мягченков_АД,kbxvczAG
256,Брикова Инна Богдановна,256,9б,4,Брикова_ИБ,JxL9ynFH
257,Наторкин Валентин Данилович,319,7и,2,Наторкин_ВД,RdkZp8aO
258,Эштрекова Софья Алексеевна,76,9в,3,Эштрекова_СА,d4Am3IMQ
259,Кутаманова Кира Андреевна,182,10т,2,Кутаманова_КА,UajNo0jV
260,Кыштымова Евгения Эдуардовна,255,8в,5,Кыштымова_ЕЭ,NLJW08IB
261,Ккнязева Клавдия Дмитриевна,34,7б,5,Ккнязева_КД,T9XUDSZK
262,Глаголина Алиса Никитична,249,9д,2,Глаголина_АН,DB8ltNSG
263,Рисина Раиса Валерьевна,451,10а,4,Рисина_РВ,Plrl2EoL
264,Ребров Алексей Георгиевич,289,8и,3,Ребров_АГ,30E2kc9e
265,Вырысалова Александра Евгеньевна,39,11и,2,Вырысалова_АЕ,Wx7aTlSd
266,Гомольский Владимир Юриевич,314,11х,5,Гомольский_ВЮ,iSag4tcT
267,Швинова Марина Федоровна,271,8г,5,Швинова_МФ,lLee54GY
268,Рудковская Инна Дмитриевна,6,7т,3,Рудковская_ИД,us8r8KBq
269,Решеткина Дарья Василевна,408,10и,3,Решеткина_ДВ,rwx0Hu70
270,Евстихеев Игорь Василиевич,422,10х,5,Евстихеев_ИВ,s1d7Rgp3
271,Лазарина Алёна Федоровна,161,8б,3,Лазарина_АФ,FYpCH45x
272,Гляченков Григорий Николаевич,431,10а,5,Гляченков_ГН,byyNHDX4
273,Чардынцева Алина Вадимовна,135,10д,3,Чардынцева_АВ,2da8fxCd
274,Скаредов Яков Иванович,337,9т,5,Скаредов_ЯИ,FiTkuMWw
275,Юрицкий Эдуард Денисович,192,7д,3,Юрицкий_ЭД,wHuBUGOt
276,Кравчина Светлана Аркадьевна,413,11г,5,Кравчина_СА,6AVzPoBf
277,Чмареткова Полина Вадимовна,449,10а,2,Чмареткова_ПВ,xEY6lEh2
278,Углова Галина Романовна,260,9г,3,Углова_ГР,panqQNH7
279,Згуровская Виктория Андреевна,220,9т,4,Згуровская_ВА,mdrGVR2b
280,Секерский Станислав Сергеевич,235,10а,4,Секерский_СС,4NXYCP1d
281,Жевайкин Евгений Адамович,86,11г,3,Жевайкин_ЕА,sNg0jqID
282,Коточигов Семён Игоревич,26,9д,5,Коточигов_СИ,gsV0CJ1H
283,Калонин Альберт Денисович,297,8б,2,Калонин_АД,qlwr8ueE
284,Валягин Григорий Антонович,94,10в,4,Валягин_ГА,O667r78l
285,Коцева Кристина Николаевна,412,9г,3,Коцева_КН,oTA7m8fD
286,Голина Кристина Максимовна,3,7х,3,Голина_КМ,yMRjqE06
287,Батрамеев Анатолий Романович,354,9х,3,Батрамеев_АР,P38TdceJ
288,Чикмарев Валентин Валериевич,306,9и,5,Чикмарев_ВВ,c418upzI
289,Киницына Валерия Олеговна,202,7х,4,Киницына_ВО,baftC9YY
290,Числин Юрий Денисович,121,7в,2,Числин_ЮД,IPVoOMJw
291,Стебунова Юлия Романовна,358,9т,3,Стебунова_ЮР,Rl42ob0w
292,Кацов Павел Павлович,236,10г,5,Кацов_ПП,p7yJ7U6h
293,Гоцев Тарас Викторович,41,8в,3,Гоцев_ТВ,lnvFTgcJ
294,Мотовицкий Роман Аркадиевич,31,11и,5,Мотовицкий_РА,ImBMfGxl
295,Чурзина Клара Егоровна,308,10б,3,Чурзина_КЕ,etORKbs0
296,Щепалкина Валерия Сергеевна,134,9б,4,Щепалкина_ВС,tyLwKBFP
297,Утимишев Ярослав Игоревич,239,11а,3,Утимишев_ЯИ,qAA5YiNL
298,Алуханов Кирилл Фёдорович,298,7т,2,Алуханов_КФ,Ng5FlgzL
299,Полунеев Валентин Валериевич,307,8и,2,Полунеев_ВВ,hxgQpLkQ
300,Крупенова Наталия Андреевна,209,7в,5,Крупенова_НА,D1rC54gC
301,Корнюшин Илья Юрьевич,44,10т,3,Корнюшин_ИЮ,Nq8PdENU
302,Паушева Виолетта Никитична,310,8г,4,Паушева_ВН,la0KO71g
303,Берзин Герасим Антонович,349,11т,5,Берзин_ГА,5gzyZm4O
304,Шулунова Алла Алексеевна,54,7д,4,Шулунова_АА,vzZmzQyY
305,Трепашова София Яковлевна,399,11а,2,Трепашова_СЯ,KmzclJyy
306,Чумейкин Константин Антонович,8,8б,5,Чумейкин_КА,CDYccdAj
307,Польшиков Денис Игоревич,495,9и,2,Польшиков_ДИ,Uiy1pzcB
308,Медоусова Жанна Романовна,252,7б,2,Медоусова_ЖР,1TJYfZXh
309,Акуратова Клавдия Андреевна,92,9г,5,Акуратова_КА,Bb7kubim
310,Курмеева Елизавета Валерьевна,486,8а,5,Курмеева_ЕВ,LkCA1SDG
311,Бадов Александр Аркадиевич,217,10г,3,Бадов_АА,EHhMn8bt
312,Бакушин Эдуард Адамович,265,7б,5,Бакушин_ЭА,OC98AVIF
313,Чебина Инна Сергеевна,273,10т,2,Чебина_ИС,K5XF1D4N
314,Подледнова Наталья Ивановна,112,11и,3,Подледнова_НИ,CwqypaWR
315,Садгеева Лиза Евгеньевна,460,11г,3,Садгеева_ЛЕ,8uuHkuHv
316,Акушин Борис Павлович,493,9т,2,Акушин_БП,g5Dch9rV
317,Аришев Руслан Кириллович,379,10т,3,Аришев_РК,02gI6QYB
318,Гуслова Кристина Олеговна,389,9в,2,Гуслова_КО,6QYnbzQJ
319,Глоточкина Оксана Аркадьевна,370,9и,5,Глоточкина_ОА,4GuKaANJ
320,Шапина Маргарита Романовна,163,8б,5,Шапина_МР,i0rBZI03
321,Дурылин Георгий Валериевич,261,11т,4,Дурылин_ГВ,7ltIUMMC
322,Болкисева Анна Викторовна,248,7х,4,Болкисева_АВ,OIhns8JU
323,Багапов Вячеслав Сергеевич,99,7д,4,Багапов_ВС,fmUZWNT6
324,Люцарева Яна Аркадьевна,376,11б,2,Люцарева_ЯА,MrZKIDIa
325,Боготынина София Егоровна,63,11б,5,Боготынина_СЕ,hAoo13ng
326,Саюшкин Игорь Алексиевич,211,11х,5,Саюшкин_ИА,tJ5RHYST
327,Потешных Тамара Николаевна,468,11в,3,Потешных_ТН,ACbGDrtF
328,Незлина Жанна Василевна,426,8б,5,Незлина_ЖВ,KQtozCuE
329,Федичева Вероника Кирилловна,37,7х,4,Федичева_ВК,JTmIUTvE
330,Пустынкин Вадим Антонович,388,10в,5,Пустынкин_ВА,CPUIJxyD
331,Аринакова Ирина Михайловна,150,8в,5,Аринакова_ИМ,LStXvbpe
332,Обиралкова Мария Егоровна,294,11т,5,Обиралкова_МЕ,w4VfO54u
333,Аристарова Валентина Максимовна,443,11г,2,Аристарова_ВМ,KnIcIuyJ
334,Яуров Герасим Юрьевич,38,9а,5,Яуров_ГЮ,px8qsNza
335,Духонькин Вячеслав Фёдорович,2,9в,4,Духонькин_ВФ,DJ1w3b90
336,Гвасков Евгений Михаилович,402,9в,5,Гвасков_ЕМ,N8pjr7SU
337,Жабынина Галина Николаевна,185,7х,5,Жабынина_ГН,jMGe0JMI
338,Шерюкова Виолетта Романовна,440,9б,4,Шерюкова_ВР,r7kaiS8b
339,Колокатов Пётр Евгеньевич,484,10в,3,Колокатов_ПЕ,4BWOFuhY
340,Шайдуков Андрей Михаилович,317,9и,4,Шайдуков_АМ,amC7ptcQ
341,Смирнягина Дарья Игоревна,425,10в,4,Смирнягина_ДИ,IOwTMjoH
342,Штырева Ева Олеговна,258,11и,2,Штырева_ЕО,0x7VDYsN
343,Ашукин Вячеслав Михаилович,191,10т,4,Ашукин_ВМ,WdgLqgPa
344,Рубченкова Галина Алексеевна,190,9в,3,Рубченкова_ГА,pblOiZyr
345,Зархин Иван Алексиевич,478,11и,5,Зархин_ИА,n6YdtqUv
346,Адиотов Дмитрий Павлович,156,7б,3,Адиотов_ДП,wKGGwvHj
347,Тищенкова Раиса Валерьевна,79,7д,3,Тищенкова_РВ,ipyeBt0i
348,Лозеев Илья Петрович,205,10д,2,Лозеев_ИП,Vbrh3Y7o
349,Кобяшов Герасим Михаилович,305,11т,2,Кобяшов_ГМ,M0LObsuM
350,Ронова Клавдия Валерьевна,107,7и,4,Ронова_КВ,XeA2rQNW
351,Стрижнов Алексей Евгеньевич,385,11г,3,Стрижнов_АЕ,f48EYbIu
352,Волынский Алексей Виталиевич,362,11т,5,Волынский_АВ,25Q1bxn9
353,Машонский Василий Данилович,23,9д,5,Машонский_ВД,waRSfqZz
354,Буриева Зинаида Аркадьевна,104,11д,4,Буриева_ЗА,9mZlE5fG
355,Борщина Алёна Ивановна,377,11а,5,Борщина_АИ,xzn7slCE
356,Белчков Олег Иванович,275,10а,4,Белчков_ОИ,919EZ3tW
357,Остропиков Альберт Данилович,157,8г,2,Остропиков_АД,VtGV37M0
358,Оргонова Любовь Максимовна,264,7б,4,Оргонова_ЛМ,oMRhAalu
359,Мальков Юрий Евгеньевич,228,7г,3,Мальков_ЮЕ,5jKbaJoC
360,Свльхова Наталья Вадимовна,160,9т,5,Свльхова_НВ,o2mRpaG4
361,Мякушков Герасим Леонидович,102,10т,3,Мякушков_ГЛ,UtYOiOM4
362,Межуев Георгий Юриевич,355,8г,4,Межуев_ГЮ,KIRp1PVj
363,Чериншев Александр Сергеевич,439,8а,2,Чериншев_АС,E5YJhVAt
364,Муниров Алексей Андреевич,117,11г,3,Муниров_АА,ZkSuPzRr
365,Климухин Руслан Романович,269,10в,3,Климухин_РР,rVeNGO8s
366,Дембская Екатерина Никитична,64,11б,4,Дембская_ЕН,bb2MYTBq
367,Тюнеев Яков Фёдорович,417,10т,2,Тюнеев_ЯФ,TlCjJfn1
368,Трушитин Антон Данилович,168,9х,3,Трушитин_АД,mG8YVWf3
369,Балакишиев Роман Алексиевич,143,11х,5,Балакишиев_РА,NTqu5ToC
370,Немтюрева Валерия Аркадьевна,12,10г,4,Немтюрева_ВА,J9m41eIw
371,Складанова Клавдия Аркадьевна,257,9а,3,Складанова_КА,liey9OAS
372,Заходина Полина Леонидовна,93,10д,4,Заходина_ПЛ,Jds4G56d
373,Муринов Анатолий Борисович,171,11б,5,Муринов_АБ,Vlf3pZDh
374,Гришалова Любовь Евгеньевна,301,8т,3,Гришалова_ЛЕ,gzkinaSu
375,Ситчихин Станислав Георгиевич,247,8т,5,Ситчихин_СГ,UiVjbSjD
376,Просяных Георгий Василиевич,366,9в,2,Просяных_ГВ,qhinYwYD
377,Дзабиев Григорий Георгиевич,259,11д,5,Дзабиев_ГГ,GKq6Ijli
378,Рыбаулин Григорий Алексеевич,140,11а,5,Рыбаулин_ГА,Rleraf0P
379,Тупиева Екатерина Ивановна,400,7д,2,Тупиева_ЕИ,bjcIJgau
380,Куверчева Алена Ивановна,170,10д,3,Куверчева_АИ,s3CAIE2O
381,Цаблинова Виктория Богдановна,342,9г,4,Цаблинова_ВБ,ljuV9LoI
382,Синенков Григорий Леонидович,230,9в,5,Синенков_ГЛ,Evip70rB
383,Лизункин Артур Олегович,4,11в,5,Лизункин_АО,445imRi1
384,Славущева Александра Эдуардовна,81,8а,5,Славущева_АЭ,9kEGxd2y
385,Шахвердов Дмитрий Антонович,132,11б,2,Шахвердов_ДА,BgDfhy3y
386,Рапацкая Ольга Ивановна,223,10г,3,Рапацкая_ОИ,FCjjoNx6
387,Сторокожев Виталий Аркадиевич,159,9б,2,Сторокожев_ВА,xtUVjpHF
388,Половодов Кирилл Николаевич,18,8т,5,Половодов_КН,PEQQL4d5
389,Халтанова Алена Дмитриевна,49,8б,3,Халтанова_АД,ijDZyGHO
390,Заложнев Роман Фёдорович,448,8в,4,Заложнев_РФ,a9fmHjXo
391,Рыжих Кристина Аркадьевна,213,7а,4,Рыжих_КА,dtSVNspZ
392,Буров Руслан Игоревич,405,11и,5,Буров_РИ,PpHQcSsP
393,Гачков Виталий Евгеньевич,277,9т,4,Гачков_ВЕ,2MJWBZx7
394,Кадилов Геннадий Борисович,225,10в,3,Кадилов_ГБ,GQjq0ldO
395,Гликина Алёна Эдуардовна,454,9б,3,Гликина_АЭ,03jeJAY0
396,Ичкинина Любовь Андреевна,299,8г,5,Ичкинина_ЛА,lozE3WLY
397,Мозшорина Кира Дмитриевна,65,8б,3,Мозшорина_КД,LhDs7n2O
398,Брижеватов Константин Борисович,152,11т,2,Брижеватов_КБ,X1iEuKnl
399,Бучеров Тарас Викторович,429,10д,4,Бучеров_ТВ,fWXUAEn7
400,Мисютина Валерия Эдуардовна,368,9г,2,Мисютина_ВЭ,yoLgoh8Q
401,Льянов Федор Вадимович,328,8а,4,Льянов_ФВ,MiJDQIBN
402,Щуркин Георгий Яковлевич,180,8в,4,Щуркин_ГЯ,EzMP785f
403,Акулин Федор Адамович,241,10г,4,Акулин_ФА,Qr93Q0ra
404,Волженкова Екатерина Ивановна,233,9д,4,Волженкова_ЕИ,nJqF2rEq
405,Махометова София Викторовна,424,8и,3,Махометова_СВ,JwFJCUUN
406,Зызлов Геннадий Антонович,274,7в,3,Зызлов_ГА,c95akZxD
407,Девляшова Кира Олеговна,51,11д,5,Девляшова_КО,GeHfNdWL
408,Яковкина Алена Никитична,320,9т,5,Яковкина_АН,fol8zDXK
409,Бузулев Вадим Николаевич,331,10д,3,Бузулев_ВН,yL7bzTgl
410,Ганельский Юрий Юриевич,474,9д,3,Ганельский_ЮЮ,dW16IeiG
411,Шкапрова Ева Ивановна,371,7б,5,Шкапрова_ЕИ,DkzkJFdO
412,Чичирин Владимир Георгиевич,11,10а,4,Чичирин_ВГ,RAFwpzTp
413,Шилова Надежда Викторовна,124,9б,2,Шилова_НВ,QlwlZf5U
414,Коваев Руслан Михаилович,487,9т,3,Коваев_РМ,CuBwzv7z
415,Саверина Надежда Андреевна,407,11б,4,Саверина_НА,O8pkdkk2
416,Тишанкин Олег Адамович,334,9д,3,Тишанкин_ОА,YzPp0L4t
417,Широпаев Валерий Сергеевич,406,9б,2,Широпаев_ВС,FkvMp2VB
418,Щепанин Олег Адамович,226,7а,3,Щепанин_ОА,xSDJ8Ugk
419,Оплетин Владислав Аркадиевич,361,10х,4,Оплетин_ВА,iDFF0KV8
420,Оденова Карина Андреевна,409,8и,4,Оденова_КА,tnzi18jn
421,Семагин Альберт Андреевич,456,10х,4,Семагин_АА,9ll3KqnE
422,Черданцева Анастасия Олеговна,128,8х,3,Черданцева_АО,k5dV0nVm
423,Лонцова Елизавета Эдуардовна,224,7х,3,Лонцова_ЕЭ,rCkqCZWb
424,Сарсекеева Алёна Никитична,462,11и,4,Сарсекеева_АН,xkUqYbVJ
425,Аковецкий Антон Евгеньевич,500,8б,4,Аковецкий_АЕ,wG5aL3Q5
426,Аратский Станислав Борисович,351,9и,2,Аратский_СБ,CAI05xha
427,Чужриков Пётр Денисович,200,9в,3,Чужриков_ПД,tu1Ok6JD
428,Никитшин Алексей Кириллович,111,11и,3,Никитшин_АК,YQGMkq88
429,Симендяев Василий Алексиевич,45,8д,4,Симендяев_ВА,FKh2lcUh
430,Ошитков Максим Сергеевич,151,10г,4,Ошитков_МС,TLngYyJF
431,Юрасов Евгений Романович,338,9и,3,Юрасов_ЕР,77sJqoRf
432,Головяшин Павел Юриевич,179,7г,5,Головяшин_ПЮ,2tyrRC1h
433,Манжурина Екатерина Сергеевна,219,7т,3,Манжурина_ЕС,dNmf6H9D
434,Никурашин Олег Евгеньевич,291,11х,2,Никурашин_ОЕ,Sev6lYVD
435,Бехтерев Федор Вадимович,137,9х,3,Бехтерев_ФВ,vy2n2nAW
436,Годлевская Катерина Дмитриевна,403,11г,3,Годлевская_КД,1VapL48l
437,Акиярова Алина Эдуардовна,9,11а,4,Акиярова_АЭ,9LF4AQ02
438,Милина Алена Петровна,359,8г,3,Милина_АП,WtvMsSQg
439,Воловин Борис Викторович,350,7т,2,Воловин_БВ,SfLpfRWv
440,Туморина Ксения Федоровна,133,8б,5,Туморина_КФ,GLbJouFS
441,Желейков Вячеслав Яковлевич,199,8г,3,Желейков_ВЯ,2AZlGaIW
442,Шишорнина Екатерина Алексеевна,183,8т,3,Шишорнина_ЕА,rtmIVfc5
443,Юумогулова Виолетта Игоревна,311,10х,3,Юумогулова_ВИ,Suvf1CTe
444,Рецков Денис Денисович,85,10д,2,Рецков_ДД,FnP8dwcT
445,Химунина Елизавета Ивановна,392,7д,2,Химунина_ЕИ,AaM8ZiqD
446,Кобрянов Александр Алексиевич,455,7т,2,Кобрянов_АА,uQlmABPU
447,Бирылов Тарас Данилович,243,11а,3,Бирылов_ТД,3aY7AFKg
448,Туфатулин Ярослав Леонидович,485,8х,4,Туфатулин_ЯЛ,27dYVlMD
449,Долбишев Николай Аркадиевич,292,10б,5,Долбишев_НА,xlohpXlS
450,Махтумова Алёна Эдуардовна,186,10б,4,Махтумова_АЭ,HOishqNE
451,Нарзаркин Алексей Романович,423,10т,2,Нарзаркин_АР,NR2V7pni
452,Куранина Алена Леонидовна,196,9б,4,Куранина_АЛ,xjniJxa2
453,Ситюков Аркадий Евгеньевич,32,10в,3,Ситюков_АЕ,fMcGeROK
454,Мизюрова Алиса Никитична,176,7г,4,Мизюрова_АН,vE2XLdmL
455,Пандурова Алиса Дмитриевна,130,9б,2,Пандурова_АД,tKugxs4Y
456,Жилейкин Борис Тимофеевич,91,7в,2,Жилейкин_БТ,ketM209F
457,Корпункова Виолетта Сергеевна,83,11а,3,Корпункова_ВС,2SW8ge4H
458,Пашохонова Анастасия Федоровна,467,9в,4,Пашохонова_АФ,sxlcGkay
459,Сузальцева Тамара Михайловна,357,8х,4,Сузальцева_ТМ,ymKIL6eR
460,Чиличкина Светлана Яковлевна,5,8в,5,Чиличкина_СЯ,rWUk1z9x
461,Шантыкова Карина Максимовна,198,10д,3,Шантыкова_КМ,dgriuaiW
462,Недосекин Владислав Яковлевич,457,10а,4,Недосекин_ВЯ,IaxCg50P
463,Максимкин Федор Фёдорович,172,10г,2,Максимкин_ФФ,b1aEjS4h
464,Матбиюшина Виктория Игоревна,237,8д,2,Матбиюшина_ВИ,GMRHbG2c
465,Шишкунов Герасим Юрьевич,110,8т,4,Шишкунов_ГЮ,4Op78kfe
466,Сухинин Георгий Алексиевич,475,10х,4,Сухинин_ГА,gkZy91D8
467,Бисеева Полина Романовна,48,7д,5,Бисеева_ПР,h44kaVIj
468,Жукулов Михаил Денисович,60,11г,3,Жукулов_МД,oti1Fy2I
469,Тоняев Герасим Петрович,378,9т,5,Тоняев_ГП,9HOqazhz
470,Шушенкова Алёна Олеговна,36,7и,2,Шушенкова_АО,P4TDowwo
471,Разроев Дмитрий Павлович,59,9а,2,Разроев_ДП,4syHY5S0
472,Баззаев Анатолий Данилович,339,9д,2,Баззаев_АД,Lr4oUSNg
473,Цекова Алла Олеговна,50,8д,2,Цекова_АО,9Z1ocdsY
474,Аборонова Алиса Алексеевна,444,7г,5,Аборонова_АА,KySaTzc7
475,Ягловская Ева Олеговна,181,8в,4,Ягловская_ЕО,Xor1rAm8
476,Шароварова Яна Романовна,175,8а,4,Шароварова_ЯР,K6NwikcH
477,Общев Яков Викторович,466,8а,4,Общев_ЯВ,lwIYDU8g
478,Ойзерская Катерина Эдуардовна,120,7х,2,Ойзерская_КЭ,cWt8Kr4C
479,Прусский Ярослав Иванович,479,11б,2,Прусский_ЯИ,3dZP0xEb
480,Лабинов Павел Алексеевич,272,7б,5,Лабинов_ПА,LBGBZIuY
481,Покровов Эдуард Павлович,312,8б,2,Покровов_ЭП,Sg7r7fQv
482,Мачехин Эдуард Данилович,19,7д,3,Мачехин_ЭД,JfJKGQMC
483,Кодорская Раиса Ивановна,27,11б,3,Кодорская_РИ,FZGHzSLU
484,Кондраева Марина Ивановна,469,9д,3,Кондраева_МИ,mK0iKQV3
485,Бульенков Валентин Иванович,136,10т,4,Бульенков_ВИ,vK235g4X
486,Тагакова Вероника Яковлевна,393,8т,4,Тагакова_ВЯ,hTdAcYTN
487,Гершанова Любовь Евгеньевна,383,11т,5,Гершанова_ЛЕ,evqWF8Ve
488,Салина Алена Егоровна,73,11в,5,Салина_АЕ,U7PMOqRb
489,Фрумова Зинаида Аркадьевна,78,8а,4,Фрумова_ЗА,RDgX3aFe
490,Хорняков Борис Борисович,13,8г,2,Хорняков_ББ,lyaX0E79
491,Гдагазина Лиза Василевна,212,9т,5,Гдагазина_ЛВ,RojXyXCB
492,Агаршев Ярослав Михаилович,276,9т,2,Агаршев_ЯМ,yMqwpQvo
493,Корюшин Пётр Антонович,326,8х,2,Корюшин_ПА,uzW05Tdm
494,Калаев Пётр Алексиевич,68,8а,3,Калаев_ПА,GBZuL0IY
495,Ккаталкина Виолетта Егоровна,53,7б,2,Ккаталкина_ВЕ,EFX3pnB0
496,Рачнов Герасим Алексеевич,103,10а,5,Рачнов_ГА,J64P27kV
497,Миндубаева Людмила Леонидовна,477,11и,2,Миндубаева_ЛЛ,YUaj5KL9
498,Агафьева Вера Ивановна,352,11х,3,Агафьева_ВИ,ZjAYJIDM
499,Житин Эдуард Адамович,481,9а,5,Житин_ЭА,ESqcC67u
